Model,Completion Rate,Accuracy Once,Accuracy Range,Accuracy Periodic,Average Accuracy
Meta-Llama-3.1-8B-Instruct_maxlen32000,97.38057692307692,0.6840458811261731,0.7644628099173554,0.6550557997970916,0.7011881636135401
Qwen2-7B-Instruct_maxlen32000,41.66743792610586,0.7632696390658175,0.6431424766977364,0.5546827794561934,0.6536982984065824
Mistral-7B-Instruct-v0.3_maxlen32000,49.71445619727045,0.7637540453074434,0.6550632911392406,0.5906976744186047,0.6698383369550962
Meta-Llama-3.1-8B-Instruct_maxlen16000,95.6273846153846,0.382842509603073,0.3787465940054496,0.2127897235409103,0.3247929423831443
Qwen2-7B-Instruct_maxlen16000,73.8595384615384,0.4019554589896795,0.3734622144112478,0.2294469357249626,0.33495486970863
FILM-7B_maxlen16000,0.0,0.0,0.0,,
Mistral-7B-Instruct-v0.3_maxlen16000,73.30107692307692,0.4668820678513732,0.5208535402521823,0.25374064837905236,0.41382541882753593
