Model,Completion Rate,Accuracy Once,Accuracy Range,Accuracy Periodic,Average Accuracy
Meta-Llama-3.1-8B-Instruct_maxlen32000,97.38057692307692,0.6840458811261731,0.7644628099173554,0.6550557997970916,0.7011881636135401
Qwen2-7B-Instruct_maxlen16000,69.2303846153846,0.6569555717407137,0.608352144469526,0.4769230769230769,0.5807435977111056
Mistral-7B-Instruct-v0.3_maxlen16000,66.54173076923071,0.6634328358208955,0.779373368146214,0.6151617576050217,0.6859893205240436
Qwen2-7B-Instruct_maxlen32000,41.66743792610586,0.7632696390658175,0.6431424766977364,0.5546827794561934,0.6536982984065824
Mistral-7B-Instruct-v0.3_maxlen32000,49.71445619727045,0.7637540453074434,0.6550632911392406,0.5906976744186047,0.6698383369550962
Meta-Llama-3.1-8B-Instruct_maxlen16000,100.0,0.2,0.0,0.0,0.06666666666666667
