Model,Completion Rate,Accuracy Once,Accuracy Range,Accuracy Periodic,Average Accuracy
Mistral-7B-Instruct-v0.2_maxlen16000,90.32692307692308,0.325,0.3157894736842105,0.1702127659574468,0.2703340798805524
Qwen2-7B-Instruct_maxlen16000,86.75961538461539,0.4571428571428571,0.5416666666666666,0.4042553191489361,0.4676882809861533
Meta-Llama-3.1-8B-Instruct_maxlen16000,61.971923076923105,0.4458128078817734,0.5406403940886699,0.27258320126782887,0.41967880107942407
