Model,Completion Rate,Accuracy Once,Accuracy Range,Accuracy Periodic,Average Accuracy
Mistral-7B-Instruct-v0.2_maxlen16000,81.81288461538462,0.3103044496487119,0.3366459627329192,0.1165491497304023,0.2544998540373445
Qwen2-7B-Instruct_maxlen16000,59.9596153846154,0.3377374071015689,0.3713910761154855,0.191449814126394,0.3001927657811495
Meta-Llama-3.1-8B-Instruct_maxlen16000,93.51326923076932,0.3047001620745543,0.3333333333333333,0.1464808860307252,0.261504793812871
Mistral-7B-Instruct-v0.2_maxlen32000,41.229918162385054,0.4363636363636363,0.3636363636363636,0.2388059701492537,0.3462686567164179
Meta-Llama-3.1-8B-Instruct_maxlen32000,83.17462907448868,0.47126436781609193,0.17045454545454544,0.06976744186046512,0.23716211837703416
