Model,Completion Rate,Accuracy Once,Accuracy Range,Accuracy Periodic,Average Accuracy
Meta-Llama-3.1-8B-Instruct_maxlen32000,97.38057692307692,0.6840458811261731,0.7644628099173554,0.6550557997970916,0.7011881636135401
Qwen2-7B-Instruct_maxlen32000,41.66743792610586,0.7632696390658175,0.6431424766977364,0.5546827794561934,0.6536982984065824
Mistral-7B-Instruct-v0.3_maxlen32000,49.71445619727045,0.7637540453074434,0.6550632911392406,0.5906976744186047,0.6698383369550962
Meta-Llama-3.1-8B-Instruct_maxlen16000,61.97192307692311,0.4458128078817734,0.5406403940886699,0.2725832012678288,0.419678801079424
Qwen2-7B-Instruct_maxlen16000,57.589423076923325,0.3537532355478861,0.3510928961748634,0.1858407079646017,0.2968956132291171
Mistral-7B-Instruct-v0.3_maxlen16000,87.1488461538461,0.3822349570200573,0.4259077526987242,0.2459470146302886,0.35136324144969
FILM-7B_maxlen16000,0.0,0.0,0.0,0.0,0.0
