Model,Completion Rate,Accuracy Once,Accuracy Range,Accuracy Periodic,Average Accuracy
Meta-Llama-3.1-8B-Instruct_maxlen8000,95.4,0.62,0.825,0.5394736842105263,0.6614912280701754
Meta-Llama-3.1-8B-Instruct_maxlen16000,98.045,0.7134083930399181,0.8026905829596412,0.6071695294996265,0.7077561684997287
Mistral-7B-Instruct-v0.3_maxlen16000,69.51846153846154,0.6605392156862745,0.7804347826086957,0.5659246575342466,0.6689662186097389
Qwen2-7B-Instruct_maxlen16000,86.74192307692309,0.7236994219653179,0.5488,0.44143356643356646,0.5713109961329614
