Model,Completion Rate,Accuracy Once,Accuracy Range,Accuracy Periodic,Average Accuracy
Mistral-7B-Instruct-v0.3_maxlen16000,82.44538461538461,0.6682464454976303,0.82421875,0.5314900153609831,0.6746517369528711
Qwen2-7B-Instruct_maxlen16000,89.99230769230769,0.6851441241685144,0.5545171339563862,0.4416403785488959,0.5604338788912655
FILM-7B_maxlen16000,0.0,0.0,0.0,0.0,0.0
Meta-Llama-3.1-8B-Instruct_maxlen16000,100.0,0.5,0.5625,0.4411764705882353,0.5012254901960784
