Model,Completion Rate,Accuracy Once,Accuracy Range,Accuracy Periodic,Average Accuracy
Mistral-7B-Instruct-v0.2_maxlen16000,81.81288461538462,0.3103044496487119,0.3366459627329192,0.1165491497304023,0.2544998540373445
Qwen2-7B-Instruct_maxlen16000,59.9596153846154,0.3377374071015689,0.3713910761154855,0.191449814126394,0.3001927657811495
Meta-Llama-3.1-8B-Instruct_maxlen16000,93.51326923076932,0.3047001620745543,0.3333333333333333,0.1464808860307252,0.261504793812871
Mistral-7B-Instruct-v0.2_maxlen32000,41.229918162385054,0.4363636363636363,0.3636363636363636,0.2388059701492537,0.3462686567164179
Meta-Llama-3.1-8B-Instruct_maxlen32000,83.17462907448868,0.4712643678160919,0.1704545454545454,0.0697674418604651,0.2371621183770341
Mistral-7B-v0.3_maxlen16000,42.31076923076928,0.0809178743961352,0.2261306532663316,0.1669054441260745,0.1579846572628471
Qwen2-7B_maxlen16000,39.06884615384615,0.3491655969191271,0.3237410071942446,0.2329411764705882,0.3019492601946533
Meta-Llama-3.1-8B_maxlen16000,55.505961538461534,0.12047101449275362,0.12012480499219969,0.06860959319975714,0.10306847089490347
