Filename,Total Checks,Total Results,Total Yes,Ratio Results/Checks,Ratio Yes/Results,Ratio Yes/Checks,Average Word Count
LongWriter-llama3.1-8b_maxlen16000.json,6205,2700,610,0.43513295729250606,0.22592592592592592,0.09830781627719581,11036.0773480663
Qwen2-7B-Instruct_maxlen16000.json,6205,3587,1001,0.5780821917808219,0.27906328408140507,0.1613215149073328,5138.333333333333
Mistral-7B-Instruct-v0.2_maxlen16000.json,6205,4924,1082,0.7935535858178888,0.2197400487408611,0.17437550362610799,7295.738675958188
Qwen2-7B_maxlen16000.json,6205,2185,650,0.35213537469782435,0.2974828375286041,0.10475423045930701,6508.957627118644
Meta-Llama-3.1-8B-Instruct_maxlen16000.json,6205,5820,1364,0.9379532634971797,0.23436426116838488,0.21982272360999194,8804.327176781002
Qwen2-7B-Instruct_maxlen32000.json,8215,3288,1046,0.40024345709068776,0.3181265206812652,0.12732805842970177,9380.125
Mistral-7B-v0.3_maxlen16000.json,6205,2622,390,0.4225624496373892,0.14874141876430205,0.06285253827558421,9193.661290322581
Meta-Llama-3.1-8B_maxlen16000.json,6205,3392,323,0.5466559226430299,0.09522405660377359,0.052054794520547946,11443.063559322034
